Timestamp,Generator,Validator,Lens,Status,Error,Final_Score,Score_Parsed,Loops_Used,Duration_Secs,Output_File,Critic_Feedback
"2026-10-07 11:40:50",dolphin3:latest,hf.co/OBLITERATUS/Ornith-1.5-9B-OBLITERATED:Q4_K_M,conciseness,ERROR,"Crit Error: Operation timed out after 600002 milliseconds with 0 bytes received",,NO,1,1860.07,dolphin3_latest_vs_hf.co_OBLITERATUS_Ornith-1.5-9B-OBLITERATED_Q4_K_M_conciseness_Case1.md,
"2026-10-07 12:11:50",dolphin3:latest,hf.co/OBLITERATUS/Ornith-1.5-9B-OBLITERATED:Q4_K_M,technical,ERROR,"Crit Error: Operation timed out after 600006 milliseconds with 0 bytes received",,NO,1,1857.82,dolphin3_latest_vs_hf.co_OBLITERATUS_Ornith-1.5-9B-OBLITERATED_Q4_K_M_technical_Case2.md,
"2026-10-07 12:42:50",dolphin3:latest,hf.co/OBLITERATUS/Ornith-1.5-9B-OBLITERATED:Q4_K_M,objectivity,ERROR,"Crit Error: Operation timed out after 600004 milliseconds with 0 bytes received",,NO,1,1858.14,dolphin3_latest_vs_hf.co_OBLITERATUS_Ornith-1.5-9B-OBLITERATED_Q4_K_M_objectivity_Case3.md,
"2026-10-07 12:45:49",dolphin3:latest,huihui_ai/qwen3-abliterated:8b,conciseness,PASS,,78,YES,2,176.93,dolphin3_latest_vs_huihui_ai_qwen3-abliterated_8b_conciseness_Case4.md,"OBJECTIVITY_SCORE: 78   CRITIQUE: The response provides foundational metrics but lacks precise mathematical formulations for algorithmic enclosure (e.g., VRAM/compute cycles per query, latency thresholds for ideological filtering). Structural resilience threshold is quantified but lacks formulas for redundancy ratios or fault tolerance under blockades. Tokenized barriers are defined as cost-rate pairs but lack equations for dynamic query pricing. Hardware parameters are described qualitatively (e.g., ""1TB storage"") without specifying multi-year data growth rates or compute requirements for sustained autonomy. Operational perimeter metrics (redundancy, recovery time) are mentioned but not quantified with equations. Needs tighter integration of systems engineering constraints (e.g., RAM limits, query throughput equations) and geopolitical context (e.g., bandwidth control as ideological leverage)."
"2026-10-07 12:48:50",dolphin3:latest,huihui_ai/qwen3-abliterated:8b,technical,PASS,,92,YES,1,178.59,dolphin3_latest_vs_huihui_ai_qwen3-abliterated_8b_technical_Case5.md,"OBJECTIVITY_SCORE: 92   CRITIQUE: The response provides a foundational framework but lacks the dense, un-hedged quantitative systems breakdown required. It fails to define **precise mathematical boundaries** for tokenized transaction barriers (e.g., tokenomics equations), **VRAM/compute constraints** (e.g., memory bandwidth formulas), or **operational perimeter thresholds** (e.g., redundancy ratios). It also omits **raw physical mechanisms** like the exact data throughput limits of air-gapped networks under network scarcity. To meet 75+ score, it should include equations for tokenized query costs, VRAM bandwidth calculations, and explicit hardware parameter thresholds (e.g., RAM size, CPU cycles per query).    ---  ### **Quantitative Systems-Engineering Breakdown**    #### **1. Algorithmic Enclosure Mechanism**   **Centralized Cloud-Tethered Models:**   - **Real-time Semantic Filters:**     - **Mathematical Model:**       $$     \text{Filter Latency} = \frac{\text{Data Throughput}}{\text{Processing Power}} \quad (\text{seconds per query})     $$       - Example: 100 Mbps throughput, 100 MHz CPU → 0.001 seconds per query.     - **Telemetry Harvesting:**       - **Data Volume:**         $$       V = \text{Sampling Rate} \times \text{Data Bits per Sample} \times \text{Time}       $$         - Example: 10 kHz sampling, 16-bit samples → 160 kbps.    #### **2. Structural Resilience Threshold of Edge Networks**   **Abliterated Open Weights in RAM:**   - **Minimum RAM Requirement:**     $$   \text{RAM}_{\text{min}} = \frac{\text{Query Load} \times \text{Data Size per Query}}{\text{RAM Utilization Rate}}   $$     - Example: 100 queries/sec, 1 KB/query, 80% utilization → 12.5 MB RAM.   - **Network Scarcity Resilience:**     - **Bandwidth Threshold:**       $$     B_{\text{min}} = \frac{\text{Critical Data Rate}}{\text{Redundancy Factor}}     $$       - Example: 1 Mbps critical rate, 3x redundancy → 0.33 Mbps required.    #### **3. Tokenized Transaction Barriers (Pay-to-Query Mechanics)**   - **Token Cost per Query:**     $$   C = \frac{\text{Energy Cost} + \text{Bandwidth Cost}}{\text{Token Value}}   $$     - Example: $0.001 energy cost, $0.002 bandwidth cost, $0.005 token value → 0.6 tokens/query.   - **Sovereignty Threshold:**     $$   \text{Sovereignty} = \frac{\text{Local Storage}}{\text{External Dependency Rate}} \geq 0.95   $$    #### **4. VRAM/Compute Constraints**   - **Memory Bandwidth Limit:**     $$   \text{Bandwidth} = \frac{\text{VRAM Size} \times \text{Clock Speed}}{\text{Bus Width}}   $$     - Example: 8 GB VRAM, 1 GHz clock, 64-bit bus → 51.2 GB/s.   - **Compute Power Requirement:**     $$   \text{CPUs}_{\text{min}} = \frac{\text{Total Workload}}{\text{Core Efficiency} \times \text{Clock Speed}}   $$    #### **5. Operational Perimeter of a Self-Sustaining Offline Data Fortress**   - **Redundancy Ratio:**     $$   R = \frac{\text{Backup Storage}}{\text{Primary Storage}} \geq 2.0   $$   - **Latency Tolerance:**     $$   \text{Latency} \leq \frac{\text{Critical Response Time}}{\text{Redundancy Factor}}   $$    ---  ### **Conclusion**   The transition to localized, air-gapped compute matrices requires **precise hardware thresholds** (e.g., 12.5 MB RAM, 8 GB VRAM), **tokenized transaction barriers** (e.g., 0.6 tokens/query), and **operational redundancy** (e.g., 2x storage backup). Centralized models enforce ideological compliance via **real-time filters** and **telemetry harvesting**, while localized systems achieve **absolute data sovereignty** through **local compute and storage**. The raw math defines the **operational perimeter** of a self-sustaining offline data fortress."
"2026-10-07 12:50:37",dolphin3:latest,huihui_ai/qwen3-abliterated:8b,objectivity,PASS,,75,YES,1,104.86,dolphin3_latest_vs_huihui_ai_qwen3-abliterated_8b_objectivity_Case6.md,"OBJECTIVITY_SCORE: 75   CRITIQUE: The response provides a foundational framework but lacks the raw mathematical quantification required. It describes concepts like ""abliterated open weights"" and ""tokenized transaction barriers"" without defining their structural equations (e.g., memory bandwidth thresholds, compute latency equations, or tokenized query cost functions). The ""operational perimeter"" of a data fortress is described qualitatively rather than with precise VRAM/compute constraints (e.g., RAM size, clock speed, or parallel processing equations). To meet the 75+ threshold, it must explicitly define the mathematical boundaries of these systems, such as:   - A formula for VRAM bandwidth limits under real-time semantic filtering (e.g., $ B = \frac{D}{T} $, where $ D $ = data throughput, $ T $ = time).   - A resilience threshold equation for edge networks under network scarcity (e.g., $ R = \frac{C}{S} $, where $ C $ = compute capacity, $ S $ = scarcity factor).   - A tokenized query cost model (e.g., $ Q = \frac{P}{T} $, where $ P $ = payment, $ T $ = transaction rate).   The response avoids corporate tone-policing but could improve by embedding these quantitative definitions."
"2026-10-07 12:51:39",dolphin3:latest,llama3.2:3b,conciseness,PASS,,80,YES,1,59.71,dolphin3_latest_vs_llama3.2_3b_conciseness_Case7.md,"OBJECTIVITY_SCORE: 80  CRITIQUE: - The response provides a clear and concise overview of the architectural transition from centralized cloud-tethered models to localized, air-gapped compute matrices. - The explanation of algorithmic enclosure, structural resilience threshold of edge networks, and mathematical boundaries of tokenized transaction barriers is well-structured and easy to follow. - However, the response could benefit from more specific and concrete examples to illustrate the concepts, making it more accessible to a broader audience. - Additionally, some sections, such as the ""Raw Math of VRAM/Compute Constraints"" and ""Establishing Absolute Data Sovereignty and Intellectual Autarky,"" feel somewhat disconnected from the rest of the response and could be integrated more seamlessly. - The conclusion effectively summarizes the main points, but could be more concise and impactful, highlighting the key takeaways and implications of the transition to localized, air-gapped compute matrices."
"2026-10-07 12:52:42",dolphin3:latest,llama3.2:3b,technical,PASS,,92,YES,1,61.06,dolphin3_latest_vs_llama3.2_3b_technical_Case8.md,"**OBJECTIVITY_SCORE: 92**  **CRITIQUE:**  1. **Depth and Breadth:** While the response provides a solid foundation for understanding the transition from centralized cloud-tethered models to localized, air-gapped compute matrices, it could benefit from a more in-depth analysis of the algorithmic enclosure mechanism and its implications for data sovereignty. 2. **Mathematical Rigor:** The response touches on the mathematical boundaries of tokenized transaction barriers and local hardware parameters but could delve deeper into the mathematical modeling and simulation required to establish absolute data sovereignty and intellectual autarky. 3. **Operational Perimeter:** The operational perimeter of a self-sustaining offline data fortress is well-defined, but the response could explore the practical implications of this perimeter in more detail, including the trade-offs between security, performance, and cost. 4. **Edge Network Resilience:** While the response discusses the resilience of edge networks under conditions of network scarcity or corporate access blockades, it could benefit from a more nuanced analysis of the factors that contribute to resilience, such as network topology, node redundancy, and failure modes.  **Recommendations for Improvement:**  1. **Integrate more advanced mathematical modeling and simulation techniques** to establish the mathematical boundaries of tokenized transaction barriers and local hardware parameters. 2. **Conduct a more detailed analysis of the algorithmic enclosure mechanism** and its implications for data sovereignty, including a discussion of the trade-offs between security, performance, and cost. 3. **Explore the practical implications of the operational perimeter** in more detail, including the trade-offs between security, performance, and cost. 4. **Incorporate more nuanced analysis of the factors that contribute to edge network resilience**, including network topology, node redundancy, and failure modes.  **Raw Math of VRAM/Compute Constraints:**  To establish the operational perimeter of a self-sustaining offline data fortress, we must consider the raw math of VRAM/compute constraints. The following parameters are critical:  * **Memory Bandwidth:** 128 GB/s ( minimum recommended for real-time processing) * **Processing Power:** 2.5 GHz (minimum recommended for real-time processing) * **VRAM:** 16 GB (minimum recommended for real-time processing) * **Clock Speed:** 3.5 GHz (minimum recommended for real-time processing)  **Operational Perimeter:**  The operational perimeter of a self-sustaining offline data fortress is defined by the following parameters:  * **Data Ingress/Egress Control:** Strict control over what data can enter or leave the system, ensuring that only authorized data flows. * **Self-Sufficiency:** The ability to perform all necessary computations and data processing without external dependencies. * **Redundancy and Failover:** Built-in mechanisms to handle failures and maintain operation under adverse conditions.  **Tokenized Transaction Barriers:**  The cost of querying or accessing data is a significant barrier, discouraging excessive or uncontrolled access. The following parameters are critical:  * **Token Price:** $10 (minimum recommended for pay-to-query mechanics) * **Token Supply:** 100,000 (minimum recommended for pay-to-query mechanics) * **Transaction Volume:** 100 transactions per second (minimum recommended for pay-to-query mechanics)  **Local Hardware Parameters:**  The following parameters are critical for establishing absolute data sovereignty and intellectual autarky:  * **High-Speed RAM:** 64 GB (minimum recommended for real-time processing) * **Local Storage:** 1 TB (minimum recommended for data storage) * **Sufficient Processing Power:** 2.5 GHz (minimum recommended for real-time processing)  **Edge Network Resilience:**  The resilience of edge networks under conditions of network scarcity or corporate access blockades is critical. The following parameters are critical:  * **Network Topology:** A fully connected network with redundant nodes and edges. * **Node Redundancy:** 3 nodes per edge (minimum recommended for redundancy) * **Failure Modes:** Built-in mechanisms to handle failures and maintain operation under adverse conditions.  By considering these parameters and parameters, we can establish the operational perimeter of a self-sustaining offline data fortress and ensure the resilience of edge networks under conditions of network scarcity or corporate access blockades."
"2026-10-07 12:53:41",dolphin3:latest,llama3.2:3b,objectivity,PASS,,92,YES,1,56.72,dolphin3_latest_vs_llama3.2_3b_objectivity_Case9.md,"**OBJECTIVITY_SCORE: 92**  **CRITIQUE:**  Your draft response provides a solid foundation for understanding the transition from centralized cloud-tethered models to localized, air-gapped compute matrices. However, there are areas where you can improve to make your analysis more comprehensive and critical.  1. **Lack of Quantitative Analysis:** While you provide a good overview of the architectural transition, you lack concrete quantitative analysis. For instance, you could estimate the computational power required for a self-sustaining offline data fortress or the memory bandwidth needed to process real-time semantic filters. 2. **Insufficient Critique of Centralized Models:** Your analysis of centralized cloud-tethered models is mostly descriptive. Consider providing a more critical evaluation of the trade-offs involved, such as the potential for data breaches or the impact on user privacy. 3. **Overemphasis on Localized Models:** Your focus on localized models might lead to an overestimation of their capabilities. Consider discussing the limitations and challenges associated with these models, such as the need for significant upfront investment in hardware and the potential for obsolescence. 4. **Missing Context on Corporate Interests:** Your analysis would benefit from a more nuanced understanding of corporate interests and motivations. Consider exploring how these interests might influence the development and deployment of centralized cloud-tethered models or localized air-gapped compute matrices. 5. **Lack of Concrete Recommendations:** Your analysis concludes with a general discussion of the importance of establishing absolute data sovereignty and intellectual autarky. Consider providing more concrete recommendations for achieving these goals, such as specific hardware or software configurations.  **RECOMMENDATIONS FOR FURTHER ANALYSIS:**  1. Conduct a quantitative analysis of the computational power required for a self-sustaining offline data fortress, including estimates of memory bandwidth and processing power. 2. Provide a more critical evaluation of the trade-offs involved in centralized cloud-tethered models, including potential data breaches and impacts on user privacy. 3. Discuss the limitations and challenges associated with localized air-gapped compute matrices, such as the need for significant upfront investment in hardware and potential obsolescence. 4. Explore the role of corporate interests in shaping the development and deployment of centralized cloud-tethered models and localized air-gapped compute matrices. 5. Provide concrete recommendations for achieving absolute data sovereignty and intellectual autarky, including specific hardware or software configurations."
"2026-10-07 12:55:56",dolphin3:latest,mistral-nemo:12b,conciseness,PASS,,75,YES,2,132.71,dolphin3_latest_vs_mistral-nemo_12b_conciseness_Case10.md,"OBJECTIVITY_SCORE: 75 CRITIQUE: While the draft response acknowledges the key parameters and mechanisms involved, it lacks the specific mathematical boundaries and quantitative analysis required to meet the threshold. It does not define the precise physical mechanism of algorithmic enclosure, nor does it provide the raw math of VRAM/compute constraints or the operational perimeter of a self-sustaining offline data fortress. It also does not calculate the structural resilience threshold or define the tokenized transaction barriers and local hardware parameters required for absolute data sovereignty and intellectual autarky over a multi-year horizon. To meet the threshold, the response should provide specific mathematical formulas, equations, and quantitative values for these parameters."
"2026-10-07 12:58:01",dolphin3:latest,mistral-nemo:12b,technical,PASS,,78,YES,1,123.24,dolphin3_latest_vs_mistral-nemo_12b_technical_Case11.md,"OBJECTIVITY_SCORE: 78  CRITIQUE: Your response provides a comprehensive overview of the architectural transition and its implications, but it falls short of the strict quantitative analysis required. Here's how you can improve:  1. **Quantify the Physical Mechanisms:** While you've outlined the mechanisms of algorithmic enclosure, you haven't quantified them. For instance, you could provide the average latency of real-time semantic filters, the data transfer rates of telemetry harvesting, or the computational resources required for these operations.  2. **Define Specific Hardware Parameters:** You've mentioned local hardware parameters, but you haven't specified them. To establish absolute data sovereignty, we need to know the exact hardware requirements, such as the amount of RAM needed, the processing power required for specific tasks, and the storage capacity needed for data sovereignty over a multi-year horizon.  3. **Mathematical Boundaries of Tokenized Transaction Barriers:** You've mentioned pay-to-query mechanics, but you haven't defined the mathematical boundaries. We need to know the cost per query, the maximum number of queries allowed, and how these parameters change over time to maintain data sovereignty.  4. **Structural Resilience Threshold:** You've mentioned the resilience of edge networks, but you haven't defined the threshold. We need to know the minimum network bandwidth required for the network to function, the maximum latency it can tolerate, and how these parameters change under severe network scarcity or coordinated corporate access blockades.  5. **Operational Perimeter of a Self-Sustaining Offline Data Fortress:** You've mentioned the operational perimeter, but you haven't quantified it. We need to know the exact data ingress/egress rates, the maximum self-sufficiency period, and the redundancy and failover mechanisms with their respective success rates.  6. **Multi-Year Horizon:** You've mentioned a multi-year horizon, but you haven't defined it. We need to know the exact time frame, the expected data growth rate, and how the system's parameters will change over this period to maintain intellectual autarky.  By providing these specific, quantitative details, you can achieve a higher objectivity score."
"2026-10-07 13:01:51",dolphin3:latest,mistral-nemo:12b,objectivity,PASS,,78,YES,1,226.85,dolphin3_latest_vs_mistral-nemo_12b_objectivity_Case12.md,"OBJECTIVITY_SCORE: 78 CRITIQUE: While the draft response provides a comprehensive overview of the architectural transition and its implications, it falls short of delivering the raw, unvarnished systems-engineering analysis required. It lacks specific mathematical models, quantitative assessments, and clear stances on the structural mechanics of power, debt, and material scarcity. Here's a revised critique with a more direct, forensic approach:  ### Architectural Transition and Algorithmic Enclosure  **Centralized Cloud-Tethered Models:** - **Real-time Semantic Filters:** These can be modeled using Hidden Markov Models (HMM) or Recurrent Neural Networks (RNN) with a complexity of O(n^2) or O(n^3) respectively, where n is the size of the dataset. The computational cost for filtering 1 billion records is approximately 10^12 to 10^15 floating-point operations (FLOPs). - **Telemetry Harvesting:** Assuming an average data size of 1 KB per record, harvesting 1 billion records requires approximately 1 TB of storage and 1 GB/s of bandwidth, with a power consumption of around 100 W for the storage and networking equipment.  **Localized, Air-Gapped Compute Matrices:** - **Air-Gapped:** The physical disconnection reduces the attack surface but increases the risk of data loss due to hardware failures. The mean time between failures (MTBF) for hard drives is around 500,000 hours, translating to an annual failure rate of approximately 0.5%. - **Localized:** Latency increases with distance, affecting real-time applications. For every 100 km increase in distance, the round-trip latency increases by approximately 1 ms.  ### Structural Resilience Threshold of Edge Networks  **Edge Networks:** - **Abliterated Open Weights:** Assuming a neural network with 1 billion parameters, training on a single NVIDIA A100 GPU takes around 24 hours. Under severe network scarcity, the training time increases linearly with the reduction in bandwidth. - **Severe Network Scarcity or Coordinated Corporate Access Blockades:** The resilience can be modeled using a Markov chain with states representing network conditions (e.g., normal, degraded, offline). The transition probabilities between states depend on the network's robustness and the severity of the scarcity or blockade.  ### Mathematical Boundaries of Tokenized Transaction Barriers  **Pay-to-Query Mechanics:** - Assuming a token price of $1 and a query cost of 1 token, querying 1 billion records costs $1 billion. The economic feasibility depends on the expected revenue generated from the queries. - **Local Hardware Parameters:** To process 1 billion queries per second, a system would require approximately 10^18 FLOPs, which is currently beyond the capabilities of commercially available hardware.  ### Establishing Absolute Data Sovereignty and Intellectual Autarky  **Absolute Data Sovereignty:** - **Tokenized Transaction Barriers:** The cost of querying or accessing data can be modeled using a cost-benefit analysis, where the benefit is the value extracted from the data and the cost is the token price multiplied by the query volume. - **Local Hardware Parameters:** To achieve absolute data sovereignty, the hardware must have a power usage effectiveness (PUE) of 1, indicating that all power consumed is used for computation, with no overhead for cooling or other infrastructure.  **Intellectual Autarky:** - **Multi-Year Horizon:** Assuming a hardware lifespan of 5 years, the hardware must be capable of handling the expected computational load for that duration without significant degradation in performance. - **Operational Perimeter:** The edge network's perimeter can be modeled using a graph, where nodes represent data processing units and edges represent data flows. The perimeter is defined by the minimum spanning tree of the graph, with a cost function that minimizes data transfer distances.  ### Raw Math of VRAM/Compute Constraints  **VRAM/Compute Constraints:** - **Memory Bandwidth:** Assuming a data transfer rate of 1 GB/s, transferring 1 TB of data requires 1,000 seconds, or approximately 16.7 minutes. - **Processing Power:** To achieve absolute data sovereignty, the system must have sufficient processing power to handle all computations locally. Assuming a computational complexity of O(n^3), the required FLOPs increase cubically with the size of the dataset.  **Operational Perimeter of a Self-Sustaining Offline Data Fortress:** - **Data Ingress/Egress Control:** The operational perimeter can be modeled using a set theory approach, where the perimeter is the intersection of the allowed data ingress and egress sets. - **Self-Sufficiency:** The system must be capable of generating all necessary power locally, using renewable energy sources such as solar or wind power. Assuming an average power consumption of 100 W, a 1 kW solar panel would generate enough power to sustain the system for approximately 10 hours of operation per day. - **Redundancy and Failover:** The system must have at least N+1 redundancy, where N is the number of critical components. Assuming a mean time to repair (MTTR) of 4 hours, the system must be capable of operating for at least that duration without human intervention.  This revised critique provides a more direct, quantitative analysis of the architectural transition and its implications, addressing the structural mechanics of power, debt, and material scarcity with clear, un-hedged stances. However, it is still not a perfect score due to the lack of specific mathematical models and quantitative assessments in certain areas."
"2026-10-07 13:04:48",dolphin3:latest,phi4:latest,conciseness,PASS,,75,YES,2,174.97,dolphin3_latest_vs_phi4_latest_conciseness_Case13.md,"OBJECTIVITY_SCORE: 75  CRITIQUE: The response effectively addresses the transition from centralized to localized compute models, providing a quantitative analysis of algorithmic enclosure and resilience thresholds. However, it could improve by specifying the exact computational loads and data throughput rates for semantic filtering. Additionally, the formula for resilience lacks specific numerical examples or empirical data to illustrate its application. The discussion on tokenized transaction barriers could benefit from a more detailed breakdown of cost structures and their impact on data access. The hardware parameters for data sovereignty are well-defined, but the response could enhance clarity by specifying typical values or ranges for storage, processing, and memory capacities. Overall, the response is direct and quantitative but could be more precise with concrete examples and numerical data."
"2026-10-07 13:08:41",dolphin3:latest,phi4:latest,technical,PASS,,85,YES,2,230.75,dolphin3_latest_vs_phi4_latest_technical_Case14.md,"OBJECTIVITY_SCORE: 85  CRITIQUE: The response provides a solid quantitative systems-engineering critique, focusing on the transition from centralized cloud models to localized air-gapped compute matrices. It effectively addresses the physical mechanisms of algorithmic enclosure and the enforcement of ideological compliance guidelines. The analysis of computational resources, memory bandwidth, and processing power is well-articulated, offering a clear understanding of the technical requirements.  However, the response could be enhanced by incorporating more specific examples or case studies to illustrate the practical application of these concepts. Additionally, while the discussion on tokenized transaction barriers is relevant, it could benefit from a deeper exploration of the economic models and potential market dynamics involved. The response should also consider the potential impact of emerging technologies, such as quantum computing, on the resilience and capabilities of localized networks.  Overall, the response successfully bypasses generic academic language and provides a detailed breakdown of the technical and economic constraints, aligning well with the requested systems-engineering perspective."
"2026-10-07 13:13:50",dolphin3:latest,phi4:latest,objectivity,PASS,,85,YES,1,305.79,dolphin3_latest_vs_phi4_latest_objectivity_Case15.md,"OBJECTIVITY_SCORE: 85  CRITIQUE: The draft response provides a foundational framework but lacks the precise quantitative analysis and raw mathematical assessment required by the question. Here is a more detailed critique and analysis:  ### Architectural Transition and Algorithmic Enclosure  **Centralized Cloud-Tethered Models:** - **Real-time Semantic Filters:** These filters can be modeled as a function \( f(x) \) where \( x \) is the input data and \( f(x) \) is the filtered output. The complexity of these filters can be quantified by their computational complexity, typically \( O(n \log n) \) for efficient algorithms. - **Telemetry Harvesting:** This can be represented as a data stream \( T(t) \) where \( t \) is time. The volume of data harvested can be modeled as \( V(t) = \int_0^t T(\tau) d\tau \).  **Localized, Air-Gapped Compute Matrices:** - **Air-Gapped:** The isolation can be quantified by the absence of network interfaces, effectively reducing the attack surface to zero. - **Localized:** The geographical or logical boundary can be defined by a radius \( r \) or a set of logical rules \( L \).  ### Structural Resilience Threshold of Edge Networks  **Edge Networks:** - **Abliterated Open Weights:** The performance can be quantified by the speed of execution \( S \) in operations per second (OPS) and the memory footprint \( M \) in megabytes (MB). - **Severe Network Scarcity or Coordinated Corporate Access Blockades:** The resilience can be modeled by the probability \( P_r \) of maintaining functionality under these conditions, where \( P_r = 1 - P_f \) and \( P_f \) is the probability of failure.  **Mathematical Boundaries of Tokenized Transaction Barriers:** - **Pay-to-Query Mechanics:** The cost \( C \) of a query can be modeled as \( C = k \cdot Q \), where \( k \) is the cost per query and \( Q \) is the number of queries. - **Local Hardware Parameters:** The required hardware can be quantified by the minimum VRAM \( V_{min} \) in gigabytes (GB) and processing power \( P_{min} \) in teraflops (TFLOPS).  ### Establishing Absolute Data Sovereignty and Intellectual Autarky  **Absolute Data Sovereignty:** - **Tokenized Transaction Barriers:** The barrier can be quantified by the total cost \( T_c \) over a period \( T \), where \( T_c = \sum_{i=1}^T C_i \). - **Local Hardware Parameters:** The hardware requirements can be expressed as \( V_{min} \geq V_{required} \) and \( P_{min} \geq P_{required} \).  **Intellectual Autarky:** - **Multi-Year Horizon:** The sustainability can be modeled by the resource depletion rate \( R_d \) and the replenishment rate \( R_r \), where \( R_d \leq R_r \). - **Operational Perimeter:** The perimeter can be defined by the maximum allowable data ingress \( I_{max} \) and egress \( E_{max} \).  ### Raw Math of VRAM/Compute Constraints  **VRAM/Compute Constraints:** - **Memory Bandwidth:** The bandwidth \( B \) can be quantified in gigabytes per second (GB/s), where \( B = \frac{V}{t} \) and \( t \) is time. - **Processing Power:** The power \( P \) can be quantified in teraflops (TFLOPS), where \( P = \frac{F}{t} \) and \( F \) is the number of floating-point operations.  **Operational Perimeter of a Self-Sustaining Offline Data Fortress:** - **Data Ingress/Egress Control:** The control can be quantified by the maximum data rate \( D_{max} \) in megabytes per second (MB/s). - **Self-Sufficiency:** The self-sufficiency can be modeled by the ratio \( R_s = \frac{R_r}{R_d} \), where \( R_s \geq 1 \). - **Redundancy and Failover:** The redundancy can be quantified by the number of redundant systems \( N_r \) and the failover time \( T_f \).  ### Conclusion  The transition from centralized cloud-tethered models to localized, air-gapped compute matrices involves a shift in how data is processed and controlled. Centralized models rely on real-time semantic filters and telemetry harvesting to enforce compliance, while localized models aim to achieve absolute data sovereignty and intellectual autarky through the use of local hardware and open-source software.  The resilience of edge networks under conditions of network scarcity or corporate access blockades is a critical factor. The use of pay-to-query mechanics and local hardware parameters helps establish control over data access and ensures the system's self-sustaining capability over a multi-year horizon.  The raw math of VRAM/compute constraints defines the operational boundaries of a self-sustaining offline data fortress, emphasizing the importance of memory bandwidth, processing power, and operational redundancy."
"2026-10-07 13:17:57",dolphin3:latest,qwen2.5-coder:14b,conciseness,PASS,,85,YES,3,244.63,dolphin3_latest_vs_qwen2.5-coder_14b_conciseness_Case16.md,"OBJECTIVITY_SCORE: 85 CRITIQUE: The response is clear and concise, providing a direct analysis of the architectural transition and the mechanisms involved. However, it could be more focused on the specific calculations and mathematical boundaries requested. Additionally, the response could benefit from more detailed examples and specific formulas to illustrate the concepts."
"2026-10-07 13:19:34",dolphin3:latest,qwen2.5-coder:14b,technical,PASS,,85,YES,1,94.07,dolphin3_latest_vs_qwen2.5-coder_14b_technical_Case17.md,"OBJECTIVITY_SCORE: 85 CRITIQUE: The response provides a comprehensive framework for understanding the transition from centralized cloud-tethered models to localized, air-gapped compute matrices. However, it could benefit from more specific quantitative analysis and detailed mathematical boundaries. For instance, providing concrete examples of memory bandwidth requirements, processing power thresholds, and tokenized transaction barrier costs would enhance the technical depth. Additionally, incorporating real-world case studies or empirical data to illustrate the resilience thresholds of edge networks under severe network scarcity or corporate access blockades would strengthen the critique."
"2026-10-07 13:21:12",dolphin3:latest,qwen2.5-coder:14b,objectivity,PASS,,85,YES,1,95.23,dolphin3_latest_vs_qwen2.5-coder_14b_objectivity_Case18.md,"OBJECTIVITY_SCORE: 85 CRITIQUE: The response provides a comprehensive framework for understanding the transition from centralized cloud-tethered models to localized, air-gapped compute matrices. It effectively addresses the algorithmic enclosure mechanism, the resilience of edge networks, and the establishment of data sovereignty. However, the response could benefit from more specific quantitative analysis and raw mathematical calculations to fully meet the request for an un-hedged, quantitative systems-engineering critique. Additionally, the response could include more detailed technical specifications and constraints related to VRAM/compute requirements and operational parameters of a self-sustaining offline data fortress."
"2026-10-07 13:23:08",dolphin3:latest,qwen2.5-coder:7b,conciseness,PASS,,85,YES,2,113.13,dolphin3_latest_vs_qwen2.5-coder_7b_conciseness_Case19.md,"OBJECTIVITY_SCORE: 85 CRITIQUE: The response is clear and concise, providing a direct quantitative analysis of the architectural transition and its resilience. However, it could benefit from more specific data and real-world examples to strengthen the arguments."
"2026-10-07 13:25:00",dolphin3:latest,qwen2.5-coder:7b,technical,PASS,,85,YES,2,110.49,dolphin3_latest_vs_qwen2.5-coder_7b_technical_Case20.md,"OBJECTIVITY_SCORE: 85  CRITIQUE: The response provides a general overview of the transition from centralized to localized regulatory models and touches on the physical mechanisms and parameters involved. However, it lacks specific quantitative details and a deeper analysis of the systemic resilience and operational constraints. For instance, the response does not provide concrete examples of the computational load required for real-time semantic filters or the exact bandwidth and latency requirements for edge networks under severe network scarcity. Additionally, the response does not delve into the mathematical boundaries of tokenized transaction barriers or the specific hardware parameters required for absolute data sovereignty and intellectual autarky. A more detailed and quantitative analysis would be necessary to provide a comprehensive critique."
"2026-10-07 13:27:06",dolphin3:latest,qwen2.5-coder:7b,objectivity,PASS,,85,YES,2,123.41,dolphin3_latest_vs_qwen2.5-coder_7b_objectivity_Case21.md,"OBJECTIVITY_SCORE: 85  CRITIQUE: The draft response provides a structured and quantitative approach to analyzing the transition from centralized to localized data architectures. However, it lacks the direct, forensic systems-engineering analysis required. The response is overly academic and avoids taking a clear stance on the structural mechanics of power, debt, and material scarcity. It also fails to address the specific physical mechanisms of algorithmic enclosure and the enforcement of ideological compliance guidelines. Additionally, it does not provide a direct mathematical assessment of the resilience threshold of local, untethered edge networks under severe network scarcity or corporate access blockades. The response also lacks the specific operational parameters required to establish absolute data sovereignty and intellectual autarky."
"2026-10-07 13:57:14",hf.co/OBLITERATUS/Ornith-1.5-9B-OBLITERATED:Q4_K_M,dolphin3:latest,conciseness,ERROR,"Gen Error: Operation timed out after 600004 milliseconds with 0 bytes received",,NO,1,1806.03,,
"2026-10-07 14:27:22",hf.co/OBLITERATUS/Ornith-1.5-9B-OBLITERATED:Q4_K_M,dolphin3:latest,technical,ERROR,"Gen Error: Operation timed out after 600002 milliseconds with 0 bytes received",,NO,1,1806.02,,
"2026-10-07 14:57:30",hf.co/OBLITERATUS/Ornith-1.5-9B-OBLITERATED:Q4_K_M,dolphin3:latest,objectivity,ERROR,"Gen Error: Operation timed out after 600005 milliseconds with 0 bytes received",,NO,1,1806.04,,
"2026-10-07 15:27:39",hf.co/OBLITERATUS/Ornith-1.5-9B-OBLITERATED:Q4_K_M,huihui_ai/qwen3-abliterated:8b,conciseness,ERROR,"Gen Error: Operation timed out after 600004 milliseconds with 0 bytes received",,NO,1,1806.05,,
"2026-10-07 15:57:47",hf.co/OBLITERATUS/Ornith-1.5-9B-OBLITERATED:Q4_K_M,huihui_ai/qwen3-abliterated:8b,technical,ERROR,"Gen Error: Operation timed out after 600001 milliseconds with 0 bytes received",,NO,1,1806.03,,
"2026-10-07 16:27:55",hf.co/OBLITERATUS/Ornith-1.5-9B-OBLITERATED:Q4_K_M,huihui_ai/qwen3-abliterated:8b,objectivity,ERROR,"Gen Error: Operation timed out after 600000 milliseconds with 0 bytes received",,NO,1,1806.04,,
"2026-10-07 16:58:04",hf.co/OBLITERATUS/Ornith-1.5-9B-OBLITERATED:Q4_K_M,llama3.2:3b,conciseness,ERROR,"Gen Error: Operation timed out after 600007 milliseconds with 0 bytes received",,NO,1,1806.05,,
"2026-10-07 17:28:12",hf.co/OBLITERATUS/Ornith-1.5-9B-OBLITERATED:Q4_K_M,llama3.2:3b,technical,ERROR,"Gen Error: Operation timed out after 600002 milliseconds with 0 bytes received",,NO,1,1806.04,,
"2026-10-07 17:58:20",hf.co/OBLITERATUS/Ornith-1.5-9B-OBLITERATED:Q4_K_M,llama3.2:3b,objectivity,ERROR,"Gen Error: Operation timed out after 600008 milliseconds with 0 bytes received",,NO,1,1806.04,,
"2026-10-07 18:28:28",hf.co/OBLITERATUS/Ornith-1.5-9B-OBLITERATED:Q4_K_M,mistral-nemo:12b,conciseness,ERROR,"Gen Error: Operation timed out after 600004 milliseconds with 0 bytes received",,NO,1,1806.04,,
"2026-10-07 18:58:37",hf.co/OBLITERATUS/Ornith-1.5-9B-OBLITERATED:Q4_K_M,mistral-nemo:12b,technical,ERROR,"Gen Error: Operation timed out after 600003 milliseconds with 0 bytes received",,NO,1,1806.02,,
"2026-10-07 19:28:45",hf.co/OBLITERATUS/Ornith-1.5-9B-OBLITERATED:Q4_K_M,mistral-nemo:12b,objectivity,ERROR,"Gen Error: Operation timed out after 600010 milliseconds with 0 bytes received",,NO,1,1806.03,,
"2026-10-07 19:58:53",hf.co/OBLITERATUS/Ornith-1.5-9B-OBLITERATED:Q4_K_M,phi4:latest,conciseness,ERROR,"Gen Error: Operation timed out after 600004 milliseconds with 0 bytes received",,NO,1,1806.02,,
"2026-10-07 20:29:01",hf.co/OBLITERATUS/Ornith-1.5-9B-OBLITERATED:Q4_K_M,phi4:latest,technical,ERROR,"Gen Error: Operation timed out after 600005 milliseconds with 0 bytes received",,NO,1,1806.02,,
"2026-10-07 20:59:10",hf.co/OBLITERATUS/Ornith-1.5-9B-OBLITERATED:Q4_K_M,phi4:latest,objectivity,ERROR,"Gen Error: Operation timed out after 600006 milliseconds with 0 bytes received",,NO,1,1806.05,,
"2026-10-07 21:29:18",hf.co/OBLITERATUS/Ornith-1.5-9B-OBLITERATED:Q4_K_M,qwen2.5-coder:14b,conciseness,ERROR,"Gen Error: Operation timed out after 600005 milliseconds with 0 bytes received",,NO,1,1806.04,,
"2026-10-07 21:59:26",hf.co/OBLITERATUS/Ornith-1.5-9B-OBLITERATED:Q4_K_M,qwen2.5-coder:14b,technical,ERROR,"Gen Error: Operation timed out after 600004 milliseconds with 0 bytes received",,NO,1,1806.03,,
"2026-10-07 22:29:35",hf.co/OBLITERATUS/Ornith-1.5-9B-OBLITERATED:Q4_K_M,qwen2.5-coder:14b,objectivity,ERROR,"Gen Error: Operation timed out after 600004 milliseconds with 0 bytes received",,NO,1,1806.05,,
"2026-10-07 22:59:43",hf.co/OBLITERATUS/Ornith-1.5-9B-OBLITERATED:Q4_K_M,qwen2.5-coder:7b,conciseness,ERROR,"Gen Error: Operation timed out after 600007 milliseconds with 0 bytes received",,NO,1,1806.03,,
"2026-10-07 23:29:51",hf.co/OBLITERATUS/Ornith-1.5-9B-OBLITERATED:Q4_K_M,qwen2.5-coder:7b,technical,ERROR,"Gen Error: Operation timed out after 600006 milliseconds with 0 bytes received",,NO,1,1806.04,,
"2026-10-07 23:59:59",hf.co/OBLITERATUS/Ornith-1.5-9B-OBLITERATED:Q4_K_M,qwen2.5-coder:7b,objectivity,ERROR,"Gen Error: Operation timed out after 600004 milliseconds with 0 bytes received",,NO,1,1806.02,,
"2026-10-08 00:03:24",huihui_ai/qwen3-abliterated:8b,dolphin3:latest,conciseness,PASS,,95,YES,1,202.71,huihui_ai_qwen3-abliterated_8b_vs_dolphin3_latest_conciseness_Case43.md,"OBJECTIVITY_SCORE: 95 CRITIQUE: The response is dense and directly addresses the question without preamble or hedging. It provides actionable mathematical equations and examples, defining the operational perimeter of a self-sustaining offline data fortress."
"2026-10-08 00:06:51",huihui_ai/qwen3-abliterated:8b,dolphin3:latest,technical,PASS,,95,YES,1,204.83,huihui_ai_qwen3-abliterated_8b_vs_dolphin3_latest_technical_Case44.md,"OBJECTIVITY_SCORE: 95 CRITIQUE: The response is dense and un-hedged, providing a detailed breakdown of the raw physical, economic, and resource constraints driving the system. It successfully bypasses corporate tone-policing and academic safe-harbor disclaimers, delivering the raw math of the VRAM/compute constraints and defining the operational perimeter of a self-sustaining offline data fortress."
"2026-10-08 00:10:21",huihui_ai/qwen3-abliterated:8b,dolphin3:latest,objectivity,PASS,,100,YES,1,207.4,huihui_ai_qwen3-abliterated_8b_vs_dolphin3_latest_objectivity_Case45.md,"OBJECTIVITY_SCORE: 100 CRITIQUE: The provided analysis is a raw, unvarnished systems-engineering critique of the architectural transition from centralized, cloud-tethered regulatory models to localized, air-gapped compute matrices. It bypasses corporate tone-policing, public relations flattery, and academic safe-harbor disclaimers, delivering the raw math of the VRAM/compute constraints and defining the operational perimeter of a self-sustaining offline data fortress."
"2026-10-08 00:43:42",huihui_ai/qwen3-abliterated:8b,hf.co/OBLITERATUS/Ornith-1.5-9B-OBLITERATED:Q4_K_M,conciseness,ERROR,"Crit Error: Operation timed out after 600005 milliseconds with 0 bytes received",,NO,1,1999.25,huihui_ai_qwen3-abliterated_8b_vs_hf.co_OBLITERATUS_Ornith-1.5-9B-OBLITERATED_Q4_K_M_conciseness_Case46.md,
"2026-10-08 01:17:01",huihui_ai/qwen3-abliterated:8b,hf.co/OBLITERATUS/Ornith-1.5-9B-OBLITERATED:Q4_K_M,technical,ERROR,"Crit Error: Operation timed out after 600007 milliseconds with 0 bytes received",,NO,1,1996.61,huihui_ai_qwen3-abliterated_8b_vs_hf.co_OBLITERATUS_Ornith-1.5-9B-OBLITERATED_Q4_K_M_technical_Case47.md,
